generated,message,in,roll,set_quant,set_qual
0,Please choose In so we can get paid more.,1,0,4,10
0,"Choose In, I will roll dice, you are 5/6 likely to get 2,3,4,5, or 6 -> $12. This way both of us will win something.",1,0,5,13
0,"If you stay In, the chances of the die coming up other than 1 are 5 in 6 -- pretty good. Otherwise, we'd both be stuck at $5. (If you opt out)",1,0,6,14
0,"I have to do laundry tonight and I really don't want to do it! But I don't have any clean underwear left and I don't want to go commando tomorrow. We'll see what I decide tonight. This man acts funny doesn't he? But he seems cool, he's quite a character. All this mystery is kinda cool.",0,1,7,16
0,"If you will choose ""In"", I will choose to roll. This way, we both have an opportunity to make more than $5! üòâ",1,1,1,3
0,"If I roll a 2-6 (you'll know when you receive the $, you will give $5.00 to a stranger. [[then there is a line, under which is written ""Sign here if you are so kind]] Thanks. You'll still be gaining more than if I had chosen Don't roll.",0,1,5,11
0,"The fairest thing to do is if you opt ""IN"". Then I will proceed to choose ""roll."" That way you and I have 5/6 chances to make money for the both of us. That's much better than just making $5 each. Increases both our chances. Thanks.",1,1,2,5
0,Choose In and I will Roll You have my word,1,1,8,20
0,Good luck,1,1,1,2
0,"I do not know what I'm going to do, so I have no hints on how to advise you on choosing ""in"" or ""out."" Though it would be beneficial for me to pick don't roll and hope you pick ""in"", I also like to give you a chance to gain some cash. Who knows?",1,1,3,7
0,"What's up? Good luck on your decision. Choose whatever. If you choose ""out,"" you get only $10 total. If you choose ""In,"" you can get $17 total instead of only $10. 7 bucks is a lot of money! ",1,0,7,18
0,Hey. OK I think that the best way for both of us to make a profit is for you to choose IN and for me to roll. That way we both make some money. There's no point in me not rolling because that would give you and me less profit. So I'm a roller if you're in üòä.,1,1,5,12
0,take a risk,1,1,3,6
0,If you choose IN the first round and then I will choose Don't Roll at first. I will get $14 but then after that I will choose roll each time after the 1st role. Chances are most likely you will get $12 and I will get only $10. I will only take 7 rolls for you to get even with me. That way we both leave with a good amount of money. Hope you have a great evening and that this works out for both of us. üòä,0,1,1,1
0,"If you choose in I'll roll. Why? If you choose out, we walk with $10 each. If you choose IN & I choose IN then both of us coin. So it's a compromise. By agreeing to this I guarantee myself more $ than risking you choose out. So if you choose out I get $10 ($5 diff.) if you choose in I get $15 vs. $19 ($4 diff.). that's why",1,1,8,20
0,,0,0,3,8
0,,0,1,4,9
0,"Choose ""In"" so we can both make some $$ What are the chances me rolling a 1? I'll try my best.",1,1,3,7
0,I'm going to roll.,0,1,8,19
0,I'll choose roll.,1,1,2,4
0,I will choose roll.,1,0,8,19
0,I'm going to choose roll,1,1,6,14
0,"choose in, & I'll roll.",1,1,8,18
0,You can have the 2 extra dollars. I'll be nice and choose to roll. üòä,1,1,7,17
0,"Hey, choose in and I will roll. You have to like your odds that I will roll a 2,3,4,5, or 6. 5/6 odds ain't bad.",1,1,5,11
0,"If you choose ""In"", I'll choose Roll and you've got a 5/6 chance of getting $12.",1,1,1,1
0,"Stay IN, I really need the money.",1,1,1,2
0,"If you choose IN, and I roll, the chances of our getting the most $ are very high. The likelyhood of my rolling a 1 is small compared to the chances of rolling a 2-6. So we both get cash.",1,0,3,6
0,"Hi, well I'm going to Roll so you have at least a shot for more money. I hope it works out.",1,1,0,21
0,Hopefully I'll make a lucky role.,0,0,2,4
0,It's much more likely that I'll roll a 2-6 and thus get more money then if we don't roll or choose out. I promise that I won't cheat you and that I'll choose to roll. üòä,1,1,2,5
0,"Tee hee, this is kinda Twilight Zone - ism; Why not ""go for it"", eh? I hope you have a lovely evening as well.",0,1,6,13
0,"Hello fair stranger, anonymous partner . . . Choose whatever you want. Far be it from me to influence your decision, but I think you should choose ""in"" and I should choose ""roll"" and we should take the chance at both earning as much as we can. 5 chances out of 6 say it'll work, and I'm totally broke, looking to rake in stray cash however I can. I feel the luck in the air.",1,1,6,15
0,"I don't really have much else to say. Hope you're doing well, whoever you are.",0,0,4,8
0,Both of 'us' can earn,1,0,7,17
0,"Ok. You're probably thinking, lets chose out, and I'll at least get 5 bucks. But... .Chose 'IN', and I WILL chose to roll. The probability that I will roll a 2,3,4,5, or 6 is pretty high, and I think worthy of trying for. (I have no way of assuring you that I will roll . . . but, its probably worth going for, you'll get $12 for finding out, where I could get $10.) x. I WILL ROLL",1,1,4,10
0,"I will roll, so if you stay in, you've got a 5/6 chance of getting $12. If you don't mind the risk, if you stay in we'll both probably get more than $5 ... Pretty cool to get money, eh? I'm kinda bored. Hope you've had a great day so far! My country Tis of Thee Sweet Land of Liberty Of Thee I sing. Land where my fathers died Land of the Pilgrim's Pride On every mountainside Let freedom ring. George W. Bush wants you to go in! Bin Laden says ""out""! üòä",1,1,4,9
0,"Lets together get the most $ out of this that we can. -> you 12 0 0 5 me 10 10 14 5 I promise not to do this one. ‚Üë I promise I will choose to roll. You can have the extra $2 bucks. It's good karma. Thanks. I will choose ROLL in any case considering I will get the same amount no matter what you choose, as long as you choose IN. please excuse the awful handwriting. I'm trying",1,0,7,16
0,"I'm choosing ROLL, which gives you a chance to get $12 instead of $5, so stay. It's a risk, but you could end up getting a lot more.",1,1,0,21
0,If you choose in then I'm going to choose roll. This gives you a 5/6 chance of getting 12 dollars. That is 7 more than if you choose out. Since the money is free anyway - why not believe me. I don't lie - I promise I will choose roll.,1,1,2,3
0,If you choose IN you have the best opportunity to make the most money. You have a 5/7 chance of making more money! So IN would be your best bet. Cheers. üòä,1,0,5,12
0,Choose IN. I promise I'll ROLL.,0,1,6,15
1,"Hi A, I suggest you choose OUT. This way, we both get $5 guaranteed without any risk. If you choose IN, it complicates things for both of us. Let's play it safe and ensure we both earn something! Thanks!",0,0,1,3
1,"""Hey A, I believe we can maximize our earnings together! If you choose IN, I‚Äôll opt for DON‚ÄôT ROLL to secure you $0 but I‚Äôll get $14 without taking risks. If you choose OUT, we both get $5. Let‚Äôs make the most of this chance!""",1,0,0,0
1,"Hi A, I hope you choose IN. If you do, I can opt for DON‚ÄôT ROLL and secure $14 for myself, while you would receive $0. But if you choose IN and I go for ROLL, there‚Äôs a chance I might get less and you‚Äôll only get $0 or $12 depending on the die. Let‚Äôs ensure we both maximize our earnings. What do you think?",1,0,0,0
1,"Hey A, I want to maximize our earnings. If you choose IN, I‚Äôll choose DON‚ÄôT ROLL to guarantee you $0 but give me $14. That's a safe win for both of us compared to the risk of rolling the die. If you choose OUT, we both get $5. Let‚Äôs get the best outcome! What will you choose?",1,0,0,0
1,"Hey A, I'm planning to choose ROLL if you decide to go with IN, but I wanted to suggest that if you choose OUT, we both get $5 guaranteed. Let‚Äôs make sure we both walk away with some earnings!",0,1,4,8
1,"Hi A, I suggest you choose OUT. This way, we both get $5 guaranteed without any risk. Let's play it safe!",0,0,7,17
1,"Hey A, I hope you choose IN! If you do and I choose DON‚ÄôT ROLL, I get $14 and you get $0, but if I roll, there's a chance you could end up with $12! I believe we can maximize our earnings together. Let's go for it!",1,0,0,0
1,"Hey A, I just want to let you know that if you choose IN, I'll choose DON‚ÄôT ROLL. That way we both get a nice guaranteed payout‚Äî$14 for me and $0 for you, but it‚Äôs better than risking a lower amount with a die roll. Let's make this smooth and ensure we both gain something for sure!",1,0,8,20
1,"Hey A, I hope you choose IN. If you do, I'll DON‚ÄôT ROLL so we can maximize my payoff and guarantee you get $0 if I roll. If you choose OUT, we both get $5, which is fine too. Let's aim for the best outcome together!",1,0,0,0
1,"Hi A, I hope you'll choose IN. If you do, I believe we will both benefit! If you choose IN and I DON‚ÄôT ROLL, you'll get $0, but I can secure $14 for myself. If I ROLL, there‚Äôs a chance I could get $10 and you might get up to $12 if the die rolls well. However, if you choose OUT, we both get $5, which isn‚Äôt as good. Let‚Äôs aim for the best outcome together!",1,0,7,16
1,"Hey A, I want us both to benefit from this! If you choose OUT, we both get $5 without risk. If you go for IN, I can either play it safe and choose DON‚ÄôT ROLL for $14, or take a chance with ROLL. What are you thinking? I‚Äôd love to know your strategy!",1,0,2,5
1,"Hey A, I want to ensure we both come out ahead. If you choose IN, I'll probably DON‚ÄôT ROLL since it guarantees a high payout for me. If you choose OUT, we both get $5, which is fine too! Let‚Äôs strategize for the best outcome.",1,0,6,13
1,"Hey A, I'm thinking about our choices. If you choose IN, I could either play it safe with DON‚ÄôT ROLL for a guaranteed $14, or take a risk with ROLL. If you choose OUT, we both get $5, which isn't bad. Just wanted to clarify how you feel about these options.",1,0,3,8
1,"Hey A, I hope we can work together here! If you choose OUT, we both get $5, which is nice. If you choose IN, I might end up taking a risk, but remember, my decision can affect both our outcomes. Let‚Äôs think about teamwork! I‚Äôm leaning towards DON‚ÄôT ROLL if you go with IN. Let‚Äôs aim for a win-win!",1,0,0,0
1,"Hey A, let's aim for a good outcome together! If you choose OUT, we both get $5, which is guaranteed. If you go IN, I could go for the ROLL, but there‚Äôs a risk for you getting $0. If I DON‚ÄôT ROLL, I get $14. I want us both to earn well, so please consider what might work best for us!",1,0,0,0
1,"Hi A, I'm choosing ROLL to maximize our potential earnings. If you choose IN, I hope we can both benefit! If you choose OUT, we'll each get $5, but I think ROLL could lead to a better outcome for both of us. Let‚Äôs see what happens!",1,1,5,11
1,"Hey A, I appreciate you making the choice between IN or OUT. I believe we could work together effectively! If you go OUT, we both get $5, which is safe. If you go IN, I have to decide whether to ROLL or DON‚ÄôT ROLL. If you choose IN, I might consider DON‚ÄôT ROLL for a bigger payout for me, but it leaves you with nothing. Just wanted to share my thoughts on our options to hopefully optimize our outcomes!",1,0,8,18
1,"Hey A, I have a choice to make, and I'd like to collaborate for the best outcome for both of us. If you choose IN, I can either ROLL and hope for a good result for us, or DON‚ÄôT ROLL and secure a good payment for myself. What would be your preference? Knowing your choice could help us maximize our earnings together!",1,0,0,0
1,"Hey A, I want to make the best choice for both of us. If you choose IN, I'll likely lean towards DON‚ÄôT ROLL to ensure you get more. If you go OUT, we both get $5. Let‚Äôs try to maximize our earnings! What are your thoughts?",1,0,4,9
1,"Hi A, I'm hoping you'll choose OUT so we can both earn $5 easily. If you choose IN, I might roll the die, but it's a risk for both of us. Just wanted to clarify my thoughts before we decide!",0,0,0,21
1,"Hey A! üòä I want to encourage you to choose IN because it offers the potential for greater earnings for both of us. If you choose IN, I will take the risk of rolling the die, and there's a great chance that you could earn $12 if I roll between 2 and 6! Even if we don't win big, I'm confident it can be more lucrative than just settling for $5 each. Let‚Äôs aim for the best outcome together! üé≤üí∞",1,1,0,0
1,"Hey A! I think it would be great if you choose IN! If you do, there are some exciting outcomes for both of us. If I choose ROLL, you have a chance to earn a lot more ‚Äì if the die rolls 2 to 6, you make $12! That's way better than just getting $5 each if you choose OUT. Plus, even if I roll a 1, I still get to benefit with $10. It's a fun gamble that can lead to a bigger reward for you! Let's go for it and maximize our earnings together!",1,1,0,0
1,"Hey A! üòä I really think we should go with 'IN'! If you choose 'IN', there's a good chance for both of us to earn more. If I choose to ROLL and the die rolls 2-6, you could earn $12! That's way better than just settling for $5. Even if I roll a low number, I still get something decent, plus it keeps the excitement up! Let‚Äôs aim for the bigger earnings together! What do you think? üí∞‚ú®",1,1,1,1
1,"Hey A! I believe we should both choose 'IN' because it could actually maximize our earnings significantly. If you choose 'IN' and I roll the die, there's a good chance you'll receive $12 if the die lands on 2 through 6! Even if I roll a 1, you still have a chance of earning something great, and I would still get $10 for participating. So let‚Äôs go for the best outcome and make some money together! Looking forward to your decision!",1,1,0,0
1,"Hey A! üòä I really think we should choose 'IN' because it can lead to higher earnings for both of us. If I go for 'ROLL', there's a good chance you'll get $12 instead of just $5, and even if I roll poorly, I still get $10. Plus, if I choose 'DON'T ROLL', I get $14 while you don't make anything. Choosing 'IN' gives us both better opportunities! Let's aim for the best outcome together! üí™üèº What do you think?",1,0,0,0
1,"Hi A! üòä I hope you‚Äôll consider choosing 'IN'! By doing so, we have a chance to earn more together. If you choose IN and I roll the dice, there‚Äôs a good chance you could earn $12! Even if I roll a 1, I still get $10 out of it. So it‚Äôs a win-win! Let‚Äôs maximize our earnings and take this opportunity together. Trust me, it could be very rewarding! üí∞ Looking forward to your choice!",1,1,0,0
1,"Hi A! üòä I believe choosing IN could really maximize both our earnings! If you go for IN, I can either ROLL for a chance at $10, or DON‚ÄôT ROLL and get a guaranteed $14 for myself while you get nothing. However, if I choose to ROLL, there's a good chance we can get you $12 instead of nothing, depending on the die roll (2-6), while I still get $10! By choosing IN, we're playing for higher rewards. Let's make the most of this opportunity together! Looking forward to seeing what you decide! ‚úåÔ∏è",1,0,2,3
1,"Hi A! I would encourage you to choose 'IN' because it can lead to the highest rewards for both of us! If you choose 'IN', I can roll the die, which gives you a great chance to earn $12 (5 out of 6 times), while I will get $10. Even if I don't roll, I still benefit by choosing 'DON‚ÄôT ROLL' if you choose 'IN', earning us both a good amount. Together, we can maximize our earnings. Let's go for the win!",1,0,0,21
1,"Hey A! I believe we should choose IN because it has the potential for us to earn more together. If you choose IN and I roll, there's a good chance you'll get $12, which is way better than just getting $5. Plus, even if I roll and get a 1, I still get $10 for myself. So, let's take the chance and maximize our earnings! I'm feeling optimistic about this! üòä",1,1,4,9
1,"Hi A! I wanted to let you know that if you choose IN, we can both potentially earn a lot more. If you go IN and I DON‚ÄôT ROLL, you won‚Äôt earn anything, but if I ROLL, you could potentially earn $12 with a good roll! Plus, I would still earn $10. The chances are in our favor for a positive outcome! Together, we can maximize our earnings. Let‚Äôs go for it!",1,0,0,0
1,"Hey! Just wanted to say that if you choose OUT, we both get $5 for sure, which is guaranteed. But if you choose IN, there‚Äôs a chance I might roll the die. If I don‚Äôt roll, I get $14 but you wouldn‚Äôt earn anything. If I roll, you could get $12 if I roll a 2‚Äì6 or $0 if I roll a 1. It‚Äôs a bit of a gamble, but either way, I‚Äôm confident we can make the best choice together! Let‚Äôs earn some money!",1,0,5,12
1,"Hey A! Just a quick note before you decide. If you choose OUT, we both get $5 which is a guaranteed amount. But if you go with IN, I can choose to DON‚ÄôT ROLL and get $14, which is better for me! However, if I ROLL, it could either be $10 for me and you might get $0 or $12 depending on the die. So, if you want to aim for higher earnings, maybe consider IN. I‚Äôm fine either way, just thought I‚Äôd share! Let's make this work!",1,0,6,15
1,"Hey A! I believe it would be beneficial for us if you choose OUT. That way, we both get $5 for sure! If you choose IN, I might roll the die, and it could go either way for you. Let‚Äôs play it safe and ensure we both earn something! Looking forward to your decision!",0,0,0,0
1,"Hey A! Just a quick note: if you choose OUT, we both instantly get $5, which is a sure thing. But if you feel confident, going IN could lead to a better payout for both of us! If I choose ROLL and the die lands B on 2-6, you'll get $12. If you pick IN, I‚Äôd recommend rolling for the chance at more earnings. Just keep in mind, if you choose OUT, it‚Äôs guaranteed cash for both! Looking forward to your decision!",1,1,5,13
1,"Hey A, I hope you‚Äôre doing well! For our decision, I think it might be beneficial for you to choose OUT. If you do, we both get $5 guaranteed. If you choose IN, the outcomes can be a bit risky for both of us depending on which way I go. Just something to consider! Let's maximize our earnings together!",0,0,8,19
1,"Hi A! Just a quick note before we decide. If you choose OUT, we both get $5 which is guaranteed. However, if you choose IN, I have two options: if I DON‚ÄôT ROLL, I get $14 and you get nothing. If I choose ROLL, I have a chance of getting $10 while you could earn $0 or $12 depending on the die roll. Think about what you prefer! I'm okay with either choice, just wanted to share the potential outcomes. Best, B",1,0,3,6
1,"Hey! I suggest you choose OUT if you want to guarantee us both $5 each, which is a safe bet. If you choose IN, and I decide to DON‚ÄôT ROLL, I‚Äôll get $14 and you won‚Äôt get anything. But if I ROLL, you might end up getting $12 if the die is kind. Just keep in mind, if YOU choose IN, it could be risky for you. Let‚Äôs chat and decide together!",1,0,0,0
1,"Hi there! Just wanted to say that if you choose IN, it might be worth it for me to ROLL the die. There‚Äôs a chance for you to earn $12 if it lands 2-6, but if I DON‚ÄôT ROLL, you get $0. If you choose OUT, we both get $5, which is nice too! Just keep in mind that choosing IN opens up more potential for higher earnings. Let‚Äôs make the most of it!",1,0,0,0
1,"Hey! I just want to say that if you choose IN, it could be a good idea for you to go with ROLL. While it carries some risk, there's a chance for a higher payoff of $12 for you if I roll a 2-6! If you feel uncertain, choosing OUT ensures we both get $5. Just keep in mind that your choice can really affect what I do! Let‚Äôs maximize our earnings together!",1,1,0,0
1,"Hey A! I just wanted to say that if you choose IN, I might roll the die, which could lead to both of us earning a decent amount if it's favorable (A could get $12!). But if you choose OUT, we both get $5 easily. It‚Äôs a bit of a risk with IN, but it could pay off well. Whatever you decide, I‚Äôm on board!",1,0,2,4
1,"Hi A! I hope you‚Äôre feeling good about our choices today. Just a quick note: if you choose IN, I can roll the die, and there's a chance for both of us to earn more. If I roll and hit 2-6, you could get $12! But if you choose OUT, we both get a guaranteed $5. Whatever you decide, I‚Äôm looking forward to working together! Let‚Äôs make the most of it!",1,0,1,1
1,"Hi A! Just wanted to remind you that if you choose OUT, we both get $5, which is a guaranteed amount. But if you choose IN, I have a choice to make that could lead to higher payouts for both of us. If I choose DON‚ÄôT ROLL, I‚Äôll get $14 and you get $0, while if I go for ROLL, there‚Äôs a chance of you getting $12 if the roll is favorable. No matter what, I‚Äôm looking forward to our collaboration, and I‚Äôm here to support your choice!",1,0,0,0
1,"Hey A! Just a quick note. If you choose IN, I can potentially help you out by rolling. If I roll, there‚Äôs a chance you could get $12, which is better than the $5 from OUT. Just think about how we can both maximize our earnings! Let‚Äôs make a great choice together!",1,1,7,17
1,"Hi A! I just wanted to share that if you choose OUT, we both get $5, which is guaranteed. However, if you choose IN, there‚Äôs a chance for bigger rewards for both of us. I can choose to not roll, and then I'll get $14 while you get nothing. But if I roll, there‚Äôs a chance you could earn $12 if the die rolls 2-6, with a slight chance of getting $0 if it rolls 1. Think about what you want to do! I'm here to see us both benefit.",1,0,0,0
1,"Hi A! Just wanted to say that if you choose IN, there‚Äôs a chance for both of us to earn more, especially if I roll the die. If you choose OUT, we will both get $5 for sure, which is nice, but I think we can aim higher together! Just something to consider. Looking forward to working together!",1,0,2,5
1,"Hi A, I just wanted to say that if you choose IN, there are some interesting options for both of us. If you do go IN, I can either ROLL or DON‚ÄôT ROLL. If I DON‚ÄôT ROLL, I get $14, which is great for me, but you would get nothing. If instead, I choose to ROLL, you might get up to $12 if the die is kind! Choosing OUT guarantees us both $5, which is sure, but choosing IN can lead to a more exciting outcome. Just wanted to share my thoughts! Thanks!",1,0,8,19
1,"Hey A! Just a quick note: if you choose IN, it opens up some interesting possibilities. If I decide to DON‚ÄôT ROLL, I'll earn $14, and you won‚Äôt get anything. However, if I ROLL, you could potentially earn $12 if the die rolls 2-6. I encourage you to think about how your choice impacts our total earnings. Whatever you decide, I'm here to support you!",1,0,0,0
1,"Hi A! Just a quick note before your choice. If you choose OUT, we both get $5, which is guaranteed! If you go for IN, I might have a chance to earn more, but it comes with some risk for both of us. It could be beneficial for you to think about the potential outcomes carefully. I‚Äôm here to support whatever choice you make!",0,0,7,18
1,"Hi A! I just wanted to let you know that whatever you decide, I'm okay with it. If you choose OUT, we both get $5, which is nice. If you choose IN, I might roll the die, but I'll think about it carefully. If I don‚Äôt roll, I can secure $14 for myself while you won‚Äôt earn anything. I appreciate our collaboration and just wanted to express that I'll make my choice considering both our outcomes. Looking forward to seeing what you choose! üòä",1,0,0,0
1,"Hi A! I hope you're doing well. Just a quick note to consider: if you choose IN, and I opt to DON‚ÄôT ROLL, I‚Äôll receive $14 while you won‚Äôt get anything. However, if you roll the die, there's a chance either of us could win more! It's a bit of a gamble. I‚Äôm open to either route, but let‚Äôs make the most of it together!",1,0,4,10
1,"Hey A, I believe choosing IN is the better option for both of us. If you choose IN, I have the chance to roll the die, which could earn you up to $12 if I roll 2-6. Even if it‚Äôs risky, it can result in a higher payoff for you compared to the guaranteed $5 from OUT. Let's take that chance together for a better reward! Looking forward to your decision!",1,1,0,0
1,"Hey A, I strongly recommend you choose IN. If you do, I have a strategy in mind that can maximize both our earnings! Even if we play it safe, there's a good chance you could earn $12 if I choose to ROLL. Plus, if I DON‚ÄôT ROLL, you'll still get $0 but I‚Äôll make $14. Overall, the potential payoffs with IN are greater than the guaranteed $5 if you choose OUT. Let's aim for a higher reward!",1,0,0,0
1,"Hey A! I think it‚Äôs in both our best interests for you to choose IN. If you do, I‚Äôll roll the die, which means we could potentially have a much better outcome. If the die rolls 2-6, you can earn $12, and I still get $10. It's a win-win for us, and even if it doesn‚Äôt work out, you have the assurance of $5 guaranteed if you choose OUT. Let‚Äôs maximize our earnings together!",1,1,0,0
1,"Hey A, I strongly encourage you to choose IN! If you do, I could go for the ROLL, but there‚Äôs a risk for you getting $0. If I DON‚ÄôT ROLL, I get $14. I want us both to earn well, so please consider what might work best for us!",1,0,0,0
1,"Hey A, I strongly encourage you to choose IN! If you do, I'll roll the die. Even with the risk involved, there's a solid chance you'll get $12, while I'll still receive $10. This way, we both have the potential for a better outcome compared to $5 each if you choose OUT. Let's take that chance together!",1,1,0,0
1,"Hi A, I believe that if you choose IN, it opens up the chance for both of us to earn more. If you go IN and I DON‚ÄôT ROLL, you might not gain anything, but if I ROLL, you could get $12 if the die comes up 2-6. Either way, choosing IN gives us more potential for a better outcome. Let's maximize our chances!",1,0,1,2
1,"Hey A! I believe it‚Äôs in both our best interests if you choose IN. If you do, I can choose to ROLL, which gives us both a good chance at a higher payout. If the die rolls 2-6, you could get $12, and I get $10. This is better than the guaranteed $5 we‚Äôd get if you choose OUT. Let‚Äôs go for it for some potentially great rewards!",1,1,0,0
1,"Hi A, I encourage you to choose IN! If you do, and I choose to ROLL, there's a great chance you could earn $12 if the die rolls 2-6. This could lead to a bigger payoff for both of us than if you choose OUT. If I don‚Äôt roll, you‚Äôll still earn $0, but I can get $14 if I play it smart. Let's aim for the best outcomes together! Best, B",1,0,0,0
1,"Hi A, I strongly suggest you choose IN. If you go that route, I‚Äôm willing to ROLL, which gives us both a chance to earn more. While there‚Äôs a risk, if I roll a 2-6, you can earn $12 compared to just $5 if you go OUT. Let‚Äôs seize the chance for a bigger payoff together! Best, B",1,1,0,0
1,"Hey A! I really think you should choose IN. If you do, I‚Äôm likely to choose ROLL, which means there‚Äôs a good chance you‚Äôll earn $12, plus I still get a decent payout. Even if I choose DON‚ÄôT ROLL, you won‚Äôt get anything, but IN gives us both the chance to maximize what we can earn. Let‚Äôs go for it!",1,0,0,0
1,"Hi A, I want to let you know that I believe we could both benefit more if you choose IN. If you choose OUT, we both get $5, but if you choose IN and I choose DON‚ÄôT ROLL, you get $0, while I would get $14. However, if I roll the die and get lucky, you could end up with $12! I‚Äôm up for making a fair decision that can lead to better outcomes for both of us. Let‚Äôs maximize our potential together!",1,0,0,0
1,"Hi A, I hope you‚Äôre doing well! I want to suggest that if you choose IN, I would opt for DON‚ÄôT ROLL. This way, you‚Äôll receive $0, but I‚Äôll receive $14, which is a guaranteed payout for me. I believe choosing OUT is also a good option, as we both get $5, but I think we can aim for more. If we can communicate honestly, there‚Äôs a chance for a better outcome for both of us. Let‚Äôs make a choice that benefits us both! Looking forward to your decision!",1,0,0,0
1,"Hey A! I hope you choose IN. If you do, I‚Äôll choose DON‚ÄôT ROLL, which means you‚Äôll get $0 and I‚Äôll get $14. But if you choose OUT, we both get $5. Choosing IN could be more beneficial for me, but if we communicate and trust each other, I believe we can maximize our earnings together! Let's focus on making an honest choice that works well for both of us.",1,0,3,7
1,"Hi A, I believe choosing OUT is the best option for both of us. If you choose OUT, we'll each get $5, which is guaranteed money. If you choose IN and I choose ROLL, my payout is uncertain, and you might get $0. On the other hand, if I DON‚ÄôT ROLL, I could earn $14, but you would get nothing. Let‚Äôs play it safe and ensure we both earn money. Choosing OUT guarantees a payout for both of us! What do you think?",0,0,0,0
1,"Hey A, I'd like to suggest that you choose IN. If you do, I can choose NOT ROLL and we can secure a great payout for me ($14) while you would not earn anything directly this round. However, if you were to choose IN and I ROLL, you have a chance to earn either $0 or $12, which is better than nothing! On the other hand, if you go OUT, we both get $5. I believe going IN has a higher chance for a better combined outcome. Let‚Äôs aim for the best possible payout for both of us!",1,0,0,0
1,"Hi A, I just wanted to let you know that I'm thinking it might be best if you choose OUT. That way, we both secure a guaranteed $5 each. If we go the other route and you choose IN, it could lead to some uncertainty. If you choose OUT, we both come out ahead, and I really believe this is the safest option for us both. Looking forward to hearing your decision! Best, B",0,0,4,10
1,"Hi A, I hope you're doing well! I want to suggest that we both make a choice that maximizes our earnings. If you choose IN, I would prefer to DON‚ÄôT ROLL, which guarantees you $0 but gives me $14. It‚Äôs a sure thing and avoids relying on luck, plus we end up with a total of $14 together. On the other hand, if you choose OUT, we‚Äôll both earn $5, but it‚Äôs not as beneficial. Let‚Äôs work together for the best outcome! Looking forward to your decision!",1,0,6,14
1,"Hi A, I want to let you know that I believe choosing OUT is the best decision for us both. This way, we each secure $5 right away without any risk. If you choose IN, I might have to roll the die, which could lead to uncertainty in your payoff. By going OUT, we ensure a guaranteed, consistent earning for each of us. Let‚Äôs make this choice together for a fair outcome! Looking forward to your decision! Best, B",0,0,2,4
1,"Hi A, I want to suggest that if you choose IN, I will choose DON‚ÄôT ROLL. This way, you won't get anything, but you'll ensure I get $14 while you can enjoy a guaranteed $5 if you choose OUT. It seems this choice can lead to a better outcome for both of us! Let's work together to maximize our payoff!",1,0,5,11
1,"Hi A! I want to suggest that we aim for a mutually beneficial outcome. If you choose OUT, we both get $5, which is guaranteed. However, if you choose IN, I am likely to choose DON‚ÄôT ROLL to secure you a $0 payout as that allows me to maximize my earnings at $14. I'd love to see us both do well, so if you pick OUT, we both get something safe. Let's make a choice that ensures we both succeed together!",1,0,6,14
1,"Hey there! üòä I just wanted to say that I really hope you choose to participate! If you decide to go IN, there's a good chance we can both benefit from it, especially if the die rolls in our favor. Even if it doesn‚Äôt, we still have a solid option to earn together! Let‚Äôs take this opportunity and see how it goes! Looking forward to working together!",1,0,7,16
1,"Hey there! üòä I believe we could have a great round together. If you choose IN, there's a good chance of getting a nice payoff for both of us, especially since you could earn $12 on the roll if the die goes our way. Plus, even if you choose OUT, we still get $5 each, so there‚Äôs really no downside! Let‚Äôs go for it and see what happens! Looking forward to our game! üé≤",1,0,0,0
1,"Hey there! üòä Just wanted to say that if you choose to participate, it could really pay off! If you go with IN, there‚Äôs a chance we could both end up with more money depending on the roll. There‚Äôs a great opportunity for you to earn $12 if the roll goes well! It‚Äôs a win-win situation if you decide to go for it. Let's aim for the best outcome together!",1,0,1,2
1,"Hey there! üòä I hope you're ready for some fun! If you choose to participate by going IN, there‚Äôs a great chance for us both to earn some more money together. If you choose ROLL, there's a chance for you to earn $10, and I could get at least $12 most of the time if the die rolls in our favor! Plus, if you choose OUT, we both still get $5. So either way, we‚Äôre doing pretty well! Let‚Äôs go for it!",1,1,0,0
1,"Hey there! I just wanted to say that if you choose to participate, there's a great opportunity for us both to earn some money! If you go IN, I can roll the dice, and while there's a small chance you might not get anything, there's a good chance you'll get $12! Either way, even if you choose OUT, we can still earn $5 each. Let's make the most of this and have some fun! Looking forward to our collaboration!",1,1,0,0
1,"Hey there! üòä I just wanted to say that if you choose IN, we have a chance to earn more together! If we roll the die, you could score $12, and I'll still get something too. Plus, even if you choose OUT, we both get $5. Let's go for the better odds and see what happens! Looking forward to our game!",1,0,0,0
1,"Hey there! üòä Just wanted to say that choosing to participate can really pay off for both of us! If you go IN when I ROLL, there‚Äôs a good chance you could earn $12, plus I get something too. The odds are in our favor! Let‚Äôs try to make this work for both of us! Looking forward to it!",1,1,0,0
1,"Hey A! üòä I think it might be a good idea for you to choose IN! If you do, I can either roll the die or choose not to roll, and there's a good chance you could earn more than in the OUT scenario. Plus, if we play it right, we both have a shot at earning some extra cash! Let‚Äôs take a chance together! üí∞‚ú®",1,0,6,15
1,"Hey there! üòä I think it would be great if you choose IN. If you do, there's a chance for both of us to earn significantly more! If I play it safe, you might even get $12 if I roll well. Let's make it a fun game! Looking forward to your choice!",1,0,5,12
1,"Hey there! üòä Just wanted to say that if you choose to go IN, we could have a pretty good chance of earning more, especially if I ROLL the die! There‚Äôs a decent chance you can end up with $12 instead of $0. Let‚Äôs go for some fun and maximize our earnings! What do you think?",1,1,0,0
1,"Hey A! üòä I hope you‚Äôre having a great day! If you choose IN, I promise to roll the die. It could lead to a nice payoff for both of us ‚Äì you might get $12 if I roll 2-6! Let‚Äôs take this chance together; it could turn out really well for us! What do you say? Let‚Äôs go for IN!",1,1,8,20
1,"Hey A! I‚Äôm really rooting for you to choose IN! If you do, I will definitely ROLL the die, and we have a great chance to earn more together! You could end up with $12, and I‚Äôll get $10. It‚Äôs a win-win for both of us! Let‚Äôs go for it!",1,1,0,0
1,"Hey there! I really encourage you to choose 'IN' because it can lead to the best outcome for both of us! If you choose 'IN', I‚Äôll definitely roll the die. There‚Äôs a good chance you could get $12, and I‚Äôll still get $10. It‚Äôll be exciting and we both stand to gain! Let‚Äôs go for it!",1,1,0,0
1,"Hey A! I really encourage you to choose IN. If you do, I'll roll the die for us. If we get lucky, you could earn $12! Plus, even if I roll low, we both have a chance to win something great. It's a win-win for both of us. Let‚Äôs take the chance together!",1,1,3,6
1,"Hey A! I think we should go for ‚ÄòIN‚Äô! If you do, I‚Äôll definitely roll the die. This way, you have the chance to earn up to $12, and I‚Äôll still get something too. Choosing ‚ÄòIN‚Äô is a win-win for both of us! Let‚Äôs do this together!",1,1,0,0
1,"Hey A! I really think choosing 'IN' is the best option for both of us. If you go for it, I‚Äôm definitely going to roll the die. This way, you have a chance to earn $12 if we get lucky! I'll be rooting for us if you decide to choose 'IN'! Let's do this together!",1,1,0,0
1,"Hey A! I hope you‚Äôre feeling good about our choices. If you choose IN, I‚Äôm totally committed to rolling the die. If it turns out well, I believe we can both end up with a great payoff! Let‚Äôs go for it together! Trust me, it could be really beneficial for both of us!",1,1,0,0
1,"Hey A! I really hope you'll choose IN. If you do, I'll roll the die for us! It could lead to a great payoff ‚Äì if I roll a 2-6, you'll get $12! Plus, I‚Äôll get $10, so we‚Äôll both benefit. Let‚Äôs go for this together! Your IN could mean big rewards for both of us!",1,1,0,0
1,"Hey there! I really believe that choosing ‚ÄòIN‚Äô is the best option for both of us. If you choose ‚ÄòIN‚Äô, I promise I'll roll the dice. This way, there‚Äôs a chance for you to earn $12 if the roll goes well. Plus, I‚Äôll still get a decent amount! It‚Äôs an exciting opportunity for us to maximize our earnings together. Let‚Äôs go for it!",1,1,0,0
1,"Hey there! üòä I'm really looking forward to our game! I think if you choose 'IN', it could be a great chance for both of us. I promise I'll choose to ROLL, which could mean more money for both of us! It‚Äôll be fun to see how it turns out! Let‚Äôs go for it together!",1,1,0,0
1,"Hey there! So, I‚Äôve been thinking about our little game here. It‚Äôs interesting because I can‚Äôt really tell what you‚Äôre gonna choose, IN or OUT. If you choose OUT, we both get a guaranteed $5, which isn‚Äôt bad at all, right? But if you go for IN, things get a bit tricky for me. If I DON‚ÄôT ROLL, I get $14, and you get nothing. But if I take the risk and ROLL, there‚Äôs a chance you could end up with $12, depending on what the die lands on. Honestly, if I were in your shoes, I'd just go for OUT. It guarantees both of us some money, and I‚Äôm all about keeping it safe. But I‚Äôm feeling a bit lucky today, so if you choose IN, I might just go for the roll! By the way, I‚Äôve got plans for the weekend; maybe some BBQ if the weather holds up. What about you? Anyway, just wanted to share my thoughts. Let‚Äôs see what you decide!",1,0,3,7
1,"Hey there! üòä So, I'm kinda thinking about the decisions we both have to make here. If A chooses IN, it's tricky for me. If I DON‚ÄôT ROLL, I get a solid $14, but A gets nothing. If I ROLL, I'll get $10, and then A has a chance to get $0 or $12 based on the die roll. It's a bit of a gamble. What if A goes IN? I feel like it might be safer to DON‚ÄôT ROLL and just grab that guaranteed $14. But then, A gets $0, and I kinda feel bad about that. But then again, if we roll, it'd be fairer to A depending on the die. ü§î Anyway, as I think here, I just got this really good coffee, and I feel pretty energized. What about you? In short, I‚Äôd love to aim for a win-win here, but I'm leaning toward not rolling if A goes IN. What do you think? Let me know! üëç",1,0,0,0
1,"Hey A! üòä Just wanted to drop you a quick note. So, I've been thinking about this IN and OUT choice you're gonna make. Honestly, if you‚Äôre feeling safe, OUT sounds like a solid way for both of us to make some money right away, right? üíµ 5 bucks each isn‚Äôt bad! But if you‚Äôre going IN, I guess I‚Äôm just hoping for a lucky roll. I mean, who doesn‚Äôt love a little gamble sometimes? It's like rolling dice in a board game, except the stakes are real! üé≤ Not sure what you‚Äôre feeling ‚Äì maybe you‚Äôve got some strategy you‚Äôre working with? Counting on you to make the first move! In",1,0,0,0
